<?xml version="1.0" encoding="UTF-8"?>
<project-private xmlns="http://www.netbeans.org/ns/project-private/1">
    <editor-bookmarks xmlns="http://www.netbeans.org/ns/editor-bookmarks/2" lastBookmarkId="0"/>
    <open-files xmlns="http://www.netbeans.org/ns/projectui-open-files/2">
        <group>
            <file>file:/D:/BSE%202B/OOP/Lab%20Project/Gym%20Management%20System%20(NEW)/src/Gym/invoice.java</file>
            <file>file:/D:/BSE%202B/OOP/Lab%20Project/Gym%20Management%20System%20(NEW)/src/Gym/Login.jpg</file>
            <file>file:/D:/BSE%202B/OOP/Lab%20Project/Gym%20Management%20System%20(NEW)/src/Gym/HomePage.java</file>
            <file>file:/D:/BSE%202B/OOP/Lab%20Project/Gym%20Management%20System%20(NEW)/src/Gym/Equipment.java</file>
            <file>file:/D:/BSE%202B/OOP/Lab%20Project/Gym%20Management%20System%20(NEW)/src/Gym/Customer.java</file>
            <file>file:/D:/BSE%202B/OOP/Lab%20Project/Gym%20Management%20System%20(NEW)/src/Gym/Signup.java</file>
            <file>file:/D:/BSE%202B/OOP/Lab%20Project/Gym%20Management%20System%20(NEW)/src/Gym/Trainer.java</file>
        </group>
    </open-files>
</project-private>
